nose_depth,avg_eye_depth,face_std_dev,nose_eye_diff,label
337,356.8666666666667,178.12189642216129,19.866666666666674,real
