nose_depth,avg_eye_depth,face_std_dev,nose_eye_diff,label
332.9999884748837,1748.0000172294667,1085.8217267963023,-1415.0000287545831,real
